HDR,HALF HOURLY OUTTURN GENERATION BY FUEL TYPE DATA
FUELHH,20230401,1,3640,0,0,4292,8977,0,167,0,102,860,0,940,0,1111,1000,998,864,1096
FUELHH,20230401,2,3599,0,0,4294,8832,0,165,0,108,856,0,938,0,1177,1000,998,858,1096
FUELHH,20230401,3,3707,0,0,4293,9094,0,163,0,113,572,0,856,0,1671,592,1000,634,1096
FUELHH,20230401,4,3740,0,0,4294,9186,0,163,0,102,562,0,814,0,1965,578,998,626,1096
FUELHH,20230401,5,4078,0,0,4295,9123,0,163,0,139,610,0,390,0,1984,178,998,696,1096
FUELHH,20230401,6,3737,0,0,4296,9098,0,163,0,113,618,0,390,0,1969,174,998,712,1096
FUELHH,20230401,7,3624,0,0,4295,8783,0,161,0,108,848,0,468,0,1442,462,998,980,1096
FUELHH,20230401,8,3663,0,0,4232,8848,0,160,0,119,860,0,468,0,1023,466,998,992,1096
FUELHH,20230401,9,3655,0,0,4158,8707,0,158,0,117,1000,0,656,0,846,524,998,992,1096
FUELHH,20230401,10,3698,0,0,4255,8440,0,158,0,104,1006,0,662,0,846,524,998,992,1096
FUELHH,20230401,11,3730,0,0,4290,8224,0,157,0,124,908,0,664,0,993,510,998,992,1096
FUELHH,20230401,12,3730,0,0,4289,8100,0,160,0,107,908,0,648,0,1030,510,1000,992,1096
FUELHH,20230401,13,3786,0,0,4291,8062,0,192,0,112,1000,0,418,0,1093,656,998,992,1096
FUELHH,20230401,14,3975,0,0,4288,8170,0,211,0,116,1004,0,418,0,1122,658,998,992,1096
FUELHH,20230401,15,4279,0,0,4285,8147,72,308,0,120,1004,62,960,0,1110,994,998,992,1096
FUELHH,20230401,16,5081,0,0,4288,8006,130,299,0,163,1004,158,976,0,1286,1000,998,992,1096
FUELHH,20230401,17,6663,0,0,4283,7829,224,349,0,163,1004,40,1048,0,1376,1000,998,992,1096
FUELHH,20230401,18,7667,0,0,4283,7742,32,390,0,113,1004,2,1050,0,1378,1000,998,992,1096
FUELHH,20230401,19,8396,0,0,4280,7623,82,610,0,173,1004,116,856,0,1378,1000,998,992,1096
FUELHH,20230401,20,8550,0,0,4280,7560,112,636,0,150,1004,188,862,0,1372,1000,998,992,1096
FUELHH,20230401,21,8727,0,0,4286,7525,182,512,0,188,1004,176,1012,0,1384,1000,998,992,1096
FUELHH,20230401,22,8914,0,0,4290,7501,0,525,0,223,1004,146,1014,0,1395,1000,998,992,1096
FUELHH,20230401,23,8847,0,0,4138,7445,32,553,0,212,1004,128,1050,0,1384,1000,998,992,1096
FUELHH,20230401,24,8449,0,0,3914,7459,528,501,0,256,1004,180,1050,0,1318,1000,998,992,1096
FUELHH,20230401,25,8710,0,0,3671,7151,350,604,0,167,1004,218,1050,0,1382,1000,998,992,1096
FUELHH,20230401,26,8677,0,0,3676,7096,20,540,1,168,1004,186,1050,0,1380,1000,998,992,1096
FUELHH,20230401,27,8288,0,0,3676,7401,126,381,0,166,1004,42,1050,0,1382,1000,998,992,1096
FUELHH,20230401,28,8234,0,0,3680,7439,118,259,0,145,1004,0,1050,0,1374,1000,998,992,1096
FUELHH,20230401,29,8008,0,0,3682,7425,80,249,0,138,1004,24,1050,0,1381,1000,998,992,1096
FUELHH,20230401,30,7948,0,0,3686,7214,226,239,0,116,1004,0,1050,0,1378,1000,998,992,1096
FUELHH,20230401,31,8051,0,0,3696,7257,172,238,0,104,1004,74,1050,0,1378,1000,998,992,1096
FUELHH,20230401,32,8271,0,0,3695,7156,116,238,0,98,1004,130,1050,0,1377,1000,998,992,1096
FUELHH,20230401,33,8906,0,0,3695,7144,12,276,0,115,1004,100,862,0,1376,1020,998,992,1096
FUELHH,20230401,34,9435,0,0,3689,6939,122,612,0,161,1004,250,856,0,1376,1020,998,992,1096
FUELHH,20230401,35,9812,0,0,3694,6874,308,763,0,548,1004,250,944,0,1379,1020,998,992,1096
FUELHH,20230401,36,10049,0,0,3695,6581,472,794,0,691,1004,348,944,34,1394,1020,998,992,1096
FUELHH,20230401,37,10368,0,0,3692,6391,1204,770,0,363,1004,240,1010,0,1513,1020,998,992,1096
FUELHH,20230401,38,10820,0,0,3696,6449,1180,772,0,299,1004,90,1012,0,1728,1020,998,992,1096
FUELHH,20230401,39,10725,0,0,3698,6810,1140,829,0,207,1004,0,1050,0,1820,1020,998,992,1096
FUELHH,20230401,40,10693,0,0,3695,7059,1134,779,0,194,1004,0,1050,0,1819,1020,998,992,1096
FUELHH,20230401,41,10814,0,0,3699,7226,846,688,0,182,1004,0,1048,0,1699,1020,998,992,1096
FUELHH,20230401,42,10684,0,0,3702,7348,640,478,0,175,1004,0,1050,0,1677,1020,998,992,1096
FUELHH,20230401,43,10618,0,0,3699,7213,336,532,0,122,1004,0,1050,0,1662,1000,998,992,1096
FUELHH,20230401,44,9966,0,0,3708,7007,160,425,0,105,1004,0,1050,0,1790,1000,998,992,1096
FUELHH,20230401,45,8821,0,0,3704,6749,160,271,0,123,988,0,1050,0,1809,1000,998,984,1096
FUELHH,20230401,46,7727,0,0,3713,6582,244,268,0,126,988,0,1050,0,1844,1000,998,984,1096
FUELHH,20230401,47,6385,0,0,3706,6216,202,228,0,194,1004,0,1050,0,1862,1000,998,992,1096
FUELHH,20230401,48,5325,0,0,3709,6123,308,213,0,115,1004,0,1050,0,1885,1000,998,992,1096
FUELHH,20230402,1,4615,0,0,3708,6227,186,203,0,126,1004,0,1050,0,1893,1000,998,992,1096
FUELHH,20230402,2,4291,0,0,3704,6316,34,173,0,130,1004,0,1050,0,1906,1000,998,992,1096
FUELHH,20230402,3,4302,0,0,3704,6202,104,187,0,121,1004,0,1050,0,1917,1000,998,992,1096
FUELHH,20230402,4,4686,0,0,3702,5945,104,187,0,165,1004,0,1050,0,1910,1000,998,992,1096
FUELHH,20230402,5,4840,0,0,3702,5760,54,187,0,119,1004,0,1050,0,1893,1000,998,992,1096
FUELHH,20230402,6,4519,0,0,3702,5699,0,176,0,102,1004,0,1050,0,1927,1000,998,992,1096
FUELHH,20230402,7,4241,0,0,3707,5857,0,153,0,97,1004,0,1050,0,1918,1000,998,992,1096
FUELHH,20230402,8,4093,0,0,3699,5984,0,152,0,107,1004,0,1050,0,1837,1000,998,992,1096
FUELHH,20230402,9,4406,0,0,3678,5796,0,150,0,136,1004,0,1050,0,1691,1000,998,992,1096
FUELHH,20230402,10,4554,0,0,3688,5825,0,152,0,104,1004,0,1050,0,1593,1000,998,992,1096
FUELHH,20230402,11,4759,0,0,3679,5527,0,170,0,126,1004,0,1050,0,1697,1000,998,992,1096
FUELHH,20230402,12,4884,0,0,3686,5278,0,170,0,98,1004,0,1050,0,1799,1000,998,992,1096
FUELHH,20230402,13,5135,0,0,3680,5071,0,206,0,121,1004,0,1050,0,1772,1000,998,992,1096
FUELHH,20230402,14,5791,0,0,3684,4940,0,209,0,108,1004,0,1050,0,1799,1000,998,992,1096
FUELHH,20230402,15,6707,0,0,3684,4899,258,244,0,111,1004,0,1050,0,1917,1000,998,992,1096
FUELHH,20230402,16,7669,0,0,3684,4715,178,247,0,149,1004,0,1050,0,1965,1000,998,992,1096
FUELHH,20230402,17,8540,0,0,3683,4550,434,278,0,135,1004,0,1050,0,1963,1000,998,992,1096
FUELHH,20230402,18,9375,0,0,3690,4507,132,305,0,173,1004,0,1050,0,1960,1000,998,992,1096
FUELHH,20230402,19,9757,0,0,3689,4453,328,498,0,244,1004,0,1050,0,1961,930,998,992,1096
FUELHH,20230402,20,10134,0,0,3695,4270,340,582,0,294,1004,0,1050,0,1961,930,998,992,1096
FUELHH,20230402,21,10469,0,0,3699,4188,292,578,0,216,1004,0,1050,0,1954,998,998,992,1096
FUELHH,20230402,22,10679,0,0,3697,4095,36,546,0,217,1004,0,1050,0,1965,994,998,992,1096
FUELHH,20230402,23,10833,0,0,3703,3899,420,527,0,302,1004,0,1050,0,1963,670,998,992,1096
FUELHH,20230402,24,10825,0,0,3709,3728,70,551,2,476,1004,0,1050,0,1955,662,998,992,1096
FUELHH,20230402,25,10708,0,0,3708,3545,132,653,92,647,1004,0,1050,0,1961,366,998,992,1096
FUELHH,20230402,26,10594,0,0,3709,3391,148,540,40,593,1004,0,1050,0,1950,362,998,992,1096
FUELHH,20230402,27,10431,0,0,3708,3298,430,371,0,293,1004,0,1050,0,1943,982,998,992,1096
FUELHH,20230402,28,10475,0,0,3713,3234,0,228,0,137,1004,0,1050,0,1942,1000,998,992,1096
FUELHH,20230402,29,10331,0,0,3716,3209,0,217,0,110,1004,0,1050,0,1939,1000,998,992,1096
FUELHH,20230402,30,10170,0,0,3715,3179,0,207,0,110,1004,0,1050,0,1915,1000,998,992,1096
FUELHH,20230402,31,9889,0,0,3714,3106,0,211,0,113,1004,0,1050,0,1942,1000,998,992,1096
FUELHH,20230402,32,9921,0,0,3713,3051,110,214,0,127,1004,0,1050,0,1922,1000,998,992,1096
FUELHH,20230402,33,10729,0,0,3715,2992,10,222,0,170,1004,0,1050,0,1925,1020,998,992,1096
FUELHH,20230402,34,11865,0,0,3709,3007,0,341,0,197,1004,0,1050,0,1921,1020,998,992,1096
FUELHH,20230402,35,12473,0,0,3710,3024,462,545,0,237,1004,0,1050,0,1946,1020,998,992,1096
FUELHH,20230402,36,13087,0,0,3706,3098,850,698,0,223,1004,0,1050,0,1948,1020,998,992,1096
FUELHH,20230402,37,13429,0,0,3708,3163,820,686,0,266,1004,0,1050,0,1949,1020,998,992,1096
FUELHH,20230402,38,13524,0,0,3699,3319,1186,795,0,321,1004,0,1050,0,1962,1020,998,992,1096
FUELHH,20230402,39,13969,0,0,3704,3449,1572,857,0,482,1004,0,636,0,1961,772,998,992,1096
FUELHH,20230402,40,13985,0,0,3693,3645,1450,853,0,472,1004,0,636,0,1963,770,998,992,1096
FUELHH,20230402,41,13786,0,0,3692,3865,1406,656,0,484,1004,0,954,0,1954,930,998,992,1096
FUELHH,20230402,42,13557,0,0,3697,3934,1048,615,0,361,1002,0,980,0,1932,928,998,992,1096
FUELHH,20230402,43,13524,0,0,3705,3952,590,574,0,310,938,0,868,0,1951,650,988,992,1096
FUELHH,20230402,44,13183,0,0,3705,3943,30,468,0,155,934,0,868,0,1958,646,988,992,1096
FUELHH,20230402,45,12117,0,0,3707,3950,16,332,0,132,916,0,962,0,1960,794,998,992,1096
FUELHH,20230402,46,10571,0,0,3707,4241,0,225,0,153,916,0,962,0,1965,796,998,992,1096
FUELHH,20230402,47,9113,0,0,3717,4415,0,200,0,104,976,0,678,0,1957,986,998,982,1096
FUELHH,20230402,48,8031,0,0,3714,4481,0,182,0,115,978,0,678,0,1934,988,998,982,1094
FUELHH,20230403,1,7886,0,0,3724,4623,0,163,0,116,868,0,960,0,1954,724,800,734,1028
FUELHH,20230403,2,7586,0,0,3717,4677,0,162,0,138,858,0,976,144,1828,724,790,724,1028
FUELHH,20230403,3,7509,0,0,3715,4693,0,162,0,122,602,14,1050,248,1848,934,756,768,1088
FUELHH,20230403,4,7863,0,0,3713,4681,0,160,0,111,598,132,1050,252,1959,934,764,774,1096
FUELHH,20230403,5,7584,0,0,3712,4767,0,160,0,119,760,168,960,252,1957,792,990,912,1096
FUELHH,20230403,6,7467,0,0,3718,4773,0,159,0,106,766,110,958,254,1957,786,990,912,1096
FUELHH,20230403,7,7886,0,0,3716,4768,0,158,0,105,758,228,1050,252,1957,502,828,750,1096
FUELHH,20230403,8,7915,0,0,3715,4810,0,156,0,104,752,238,1044,254,1959,488,802,728,1078
FUELHH,20230403,9,8531,0,0,3711,4905,0,156,0,105,520,344,672,254,1958,10,398,342,900
FUELHH,20230403,10,8431,0,0,3706,5006,0,154,0,113,494,276,650,262,1964,0,362,314,900
FUELHH,20230403,11,9622,0,0,3706,5203,0,169,0,204,0,372,430,362,1952,0,0,80,1074
FUELHH,20230403,12,10795,0,0,3711,5404,0,203,0,111,0,360,424,354,1955,0,0,64,1090
FUELHH,20230403,13,12461,0,0,3709,5722,0,291,0,206,0,400,252,474,1954,0,0,0,1042
FUELHH,20230403,14,13167,0,0,3709,6099,0,302,0,472,0,392,266,490,1962,0,0,18,1042
FUELHH,20230403,15,13336,0,0,3706,6244,168,336,0,683,110,308,802,364,1964,288,76,530,1090
FUELHH,20230403,16,13523,0,0,3712,6170,274,386,90,1097,126,368,818,234,1961,294,84,556,1096
FUELHH,20230403,17,13470,0,0,3705,6151,398,624,179,828,304,232,882,76,1965,680,842,476,1096
FUELHH,20230403,18,13493,0,0,3714,6100,306,677,140,621,334,90,888,0,1967,690,870,492,1096
FUELHH,20230403,19,13098,0,0,3723,6091,168,487,19,212,976,0,1050,0,1965,976,776,964,1096
FUELHH,20230403,20,12751,0,0,3736,6247,22,465,0,103,1004,0,1050,0,1971,980,772,988,1096
FUELHH,20230403,21,12513,0,0,3750,6417,0,426,0,111,720,0,1050,0,1971,700,636,806,1096
FUELHH,20230403,22,11863,0,0,3754,6483,172,266,0,118,680,0,1050,0,1972,696,640,786,1096
FUELHH,20230403,23,11675,0,0,3769,6663,0,238,0,143,0,0,1050,58,1980,778,880,524,1096
FUELHH,20230403,24,10907,0,0,3775,6769,70,238,0,130,0,0,1050,10,1996,780,898,520,1096
FUELHH,20230403,25,9782,0,0,3782,6868,0,232,0,102,442,54,1050,0,1994,864,994,780,1096
FUELHH,20230403,26,8968,0,0,3777,6643,0,188,0,98,462,118,1052,0,1994,864,1000,792,1086
FUELHH,20230403,27,8402,0,0,3784,6375,0,157,0,95,758,12,1050,0,1989,998,998,932,770
FUELHH,20230403,28,7778,0,0,3785,6218,0,172,0,98,756,0,1050,0,1984,996,996,930,726
FUELHH,20230403,29,8209,0,0,3784,6200,0,172,0,99,424,0,1050,0,1997,750,952,750,586
FUELHH,20230403,30,8001,0,0,3799,6279,0,172,0,100,414,0,1050,0,1926,738,946,738,534
FUELHH,20230403,31,8848,0,0,3795,6370,0,170,0,115,530,0,1050,0,1814,252,862,652,168
FUELHH,20230403,32,9423,0,0,3805,6226,0,169,0,134,530,0,1050,0,1805,244,860,642,160
FUELHH,20230403,33,9378,0,0,3819,6246,0,174,0,149,328,60,1050,0,1859,632,924,522,526
FUELHH,20230403,34,10576,0,0,3837,6300,0,201,0,119,314,222,1050,0,1986,638,930,514,608
FUELHH,20230403,35,11789,0,0,3865,6622,0,351,0,166,140,340,910,0,1995,422,962,448,982
FUELHH,20230403,36,13026,0,0,3863,6922,170,481,0,155,142,274,906,0,1990,416,946,434,1026
FUELHH,20230403,37,13493,0,0,3863,7097,832,647,0,290,430,374,904,0,2003,138,528,152,1088
FUELHH,20230403,38,13976,0,0,3876,7225,790,664,30,532,424,304,904,0,1988,138,516,148,1096
FUELHH,20230403,39,14139,0,0,3893,7363,816,748,65,613,0,156,1040,0,1988,458,670,354,1096
FUELHH,20230403,40,14207,0,0,3902,7478,1062,791,95,558,0,28,1046,42,1987,462,676,364,1096
FUELHH,20230403,41,14196,0,0,3920,7595,236,654,132,512,350,0,1024,0,1987,668,898,676,1096
FUELHH,20230403,42,13758,0,0,3916,7839,450,538,28,200,368,0,1024,0,1895,668,886,686,1096
FUELHH,20230403,43,13501,0,0,3918,7996,232,504,0,157,538,0,992,22,1847,428,412,568,1096
FUELHH,20230403,44,12961,0,0,3912,7689,116,324,0,151,522,0,988,0,1787,426,388,544,1096
FUELHH,20230403,45,12774,0,0,3911,7645,110,202,0,140,0,0,840,0,1681,348,296,128,1096
FUELHH,20230403,46,11391,0,0,3916,7624,0,196,0,133,0,0,838,0,1837,346,286,100,1096
FUELHH,20230403,47,10287,0,0,3916,7772,0,163,0,135,0,0,604,58,2022,118,170,0,1096
FUELHH,20230403,48,9630,0,0,3913,7542,0,167,0,136,0,0,602,12,2048,114,164,0,1096
FUELHH,20230404,1,9558,0,0,3915,7022,0,148,0,147,0,36,208,0,2063,0,244,34,1096
FUELHH,20230404,2,9827,0,0,3919,6537,0,149,0,157,0,86,208,0,2049,0,248,40,1096
FUELHH,20230404,3,9924,0,0,3917,6095,0,149,0,138,48,0,386,0,2041,94,298,288,1096
FUELHH,20230404,4,10583,0,0,3922,5668,0,150,0,148,56,0,394,0,2062,94,302,300,1096
FUELHH,20230404,5,10374,0,0,3932,5572,0,148,0,136,128,0,526,0,2059,208,302,320,1096
FUELHH,20230404,6,10370,0,0,3940,5438,0,147,0,143,132,0,526,0,2059,208,302,320,1092
FUELHH,20230404,7,10619,0,0,3956,5475,0,145,0,141,180,0,532,0,2063,0,136,292,980
FUELHH,20230404,8,10674,0,0,3967,5203,0,145,0,143,160,0,532,0,2063,0,116,262,980
FUELHH,20230404,9,11714,0,0,3983,5043,0,144,0,171,0,54,142,46,2081,0,0,0,864
FUELHH,20230404,10,12124,0,0,3998,4684,0,144,0,138,0,210,118,46,2083,0,0,0,1084
FUELHH,20230404,11,13804,0,0,4011,4421,0,167,0,416,0,346,0,190,2095,0,0,0,694
FUELHH,20230404,12,15012,0,0,4009,4416,0,219,0,502,0,278,0,352,2079,0,0,0,662
FUELHH,20230404,13,15828,0,0,4008,4289,44,435,0,395,0,372,554,480,2065,0,0,0,794
FUELHH,20230404,14,16724,0,0,4006,4173,14,465,0,659,0,400,640,504,2070,0,0,0,816
FUELHH,20230404,15,17029,0,0,4015,4256,0,559,0,746,0,400,552,504,2053,308,0,0,1072
FUELHH,20230404,16,16858,0,0,4006,4367,222,558,0,950,0,376,594,450,2073,320,0,0,1096
FUELHH,20230404,17,17245,0,0,4006,4235,614,554,0,722,148,254,1028,308,2088,292,0,22,1096
FUELHH,20230404,18,17636,0,0,4012,4013,316,623,0,390,180,224,1028,166,2083,292,0,48,1094
FUELHH,20230404,19,17102,0,0,4012,3774,142,628,0,249,444,90,1048,32,2041,390,32,162,1082
FUELHH,20230404,20,16114,0,0,4011,3951,186,505,0,256,458,0,1048,0,2025,396,56,174,1044
FUELHH,20230404,21,15077,0,0,4008,4161,40,308,0,238,616,0,1048,0,2024,746,246,334,684
FUELHH,20230404,22,13836,0,0,4014,4375,20,277,0,268,622,0,1050,0,1735,752,254,342,658
FUELHH,20230404,23,10686,0,0,4008,4243,0,192,0,240,988,0,1048,60,1887,918,826,964,1058
FUELHH,20230404,24,9772,0,0,4012,4327,0,190,0,255,1004,0,1048,10,2011,920,856,992,1096
FUELHH,20230404,25,9054,0,0,4011,4467,0,191,0,241,1004,0,1048,0,2052,998,982,992,1096
FUELHH,20230404,26,8273,0,0,4014,4632,0,207,0,257,1004,0,1048,0,2114,998,988,992,1096
FUELHH,20230404,27,7660,0,0,4011,4595,0,207,0,269,1004,0,1020,0,2124,1000,990,992,1096
FUELHH,20230404,28,7476,0,0,4013,4448,0,207,0,243,1004,4,1020,0,2118,998,986,992,1096
FUELHH,20230404,29,7369,0,0,4014,4620,0,208,0,260,1004,58,1048,0,1976,906,852,992,1096
FUELHH,20230404,30,7849,0,0,4024,4725,0,210,0,244,1002,110,1048,0,1620,906,840,988,1092
FUELHH,20230404,31,8357,0,14,4031,4779,0,222,0,256,932,108,1008,0,1521,900,770,908,1070
FUELHH,20230404,32,8696,0,39,4023,4882,0,239,0,242,930,72,1004,0,1559,894,772,898,1070
FUELHH,20230404,33,9176,0,129,4026,5188,0,239,0,263,966,204,694,0,1882,542,894,766,1092
FUELHH,20230404,34,10457,0,229,4031,5553,0,264,0,267,948,296,684,2,2113,534,892,726,1096
FUELHH,20230404,35,13527,0,230,4030,5471,0,376,0,300,464,396,564,102,2135,366,664,0,1096
FUELHH,20230404,36,14992,0,285,4038,5527,0,364,0,316,440,400,516,252,2133,364,654,0,1096
FUELHH,20230404,37,15979,0,275,4044,5684,0,456,0,438,300,400,0,390,2128,392,700,0,1096
FUELHH,20230404,38,16455,0,333,4048,5914,0,463,80,684,288,400,0,380,2121,392,670,0,1096
FUELHH,20230404,39,16794,0,439,4047,6262,0,444,135,1059,62,400,0,448,2129,336,0,0,1096
FUELHH,20230404,40,16845,0,449,4045,6057,138,449,134,1030,56,400,0,500,2144,336,0,0,1096
FUELHH,20230404,41,16837,0,449,4055,6277,230,415,134,850,0,400,360,418,2146,280,0,0,1096
FUELHH,20230404,42,16689,0,450,4065,6547,0,409,135,557,0,350,390,316,2135,278,0,0,1096
FUELHH,20230404,43,16130,0,450,4069,6667,0,379,135,278,0,388,102,432,2136,160,0,0,1096
FUELHH,20230404,44,15041,0,395,4079,6783,0,357,89,251,0,278,102,340,2137,158,0,0,1096
FUELHH,20230404,45,15453,0,374,4083,6125,0,249,88,311,0,360,102,204,2130,0,0,0,1096
FUELHH,20230404,46,14411,0,284,4083,5683,50,222,88,370,0,256,100,54,2118,0,0,0,1096
FUELHH,20230404,47,13537,0,231,4090,5624,10,174,88,334,0,242,0,0,2111,0,0,0,1096
FUELHH,20230404,48,12702,0,229,4094,5403,0,175,88,420,0,246,0,60,2096,0,0,0,1096
FUELHH,20230405,1,13075,0,229,4105,5429,0,175,24,205,0,98,0,10,2092,0,0,0,1096
FUELHH,20230405,2,12686,0,230,4105,5590,0,173,0,132,0,106,0,0,2097,0,0,0,1096
FUELHH,20230405,3,12567,0,230,4116,5766,0,162,0,123,0,156,0,0,2091,0,0,0,1096
FUELHH,20230405,4,13122,0,230,4115,5701,0,161,0,179,0,184,0,0,2060,0,0,0,1096
FUELHH,20230405,5,12984,0,230,4110,5522,0,158,0,209,0,72,0,0,2124,0,0,0,1096
FUELHH,20230405,6,12868,0,230,4117,5195,0,159,0,233,0,20,0,0,2079,0,0,0,1096
FUELHH,20230405,7,13202,0,230,4117,5146,0,159,0,156,0,0,0,0,2092,0,0,0,1096
FUELHH,20230405,8,13522,0,230,4109,5107,0,159,0,177,0,0,0,0,2092,0,0,0,1096
FUELHH,20230405,9,13770,0,230,4113,4988,0,167,0,134,0,38,0,0,2096,0,0,0,1096
FUELHH,20230405,10,13794,0,230,4112,4928,0,171,0,141,0,0,0,0,2090,0,0,0,1096
FUELHH,20230405,11,13874,0,229,4115,4877,0,193,0,179,0,60,0,0,2074,0,0,0,1096
FUELHH,20230405,12,15010,0,230,4124,4572,0,210,0,151,0,134,0,0,2090,0,0,0,1096
FUELHH,20230405,13,15858,0,230,4133,4619,0,357,0,134,0,268,0,62,2113,0,0,0,1096
FUELHH,20230405,14,16727,0,230,4124,4613,78,374,0,204,0,370,0,204,2120,0,0,0,1096
FUELHH,20230405,15,16226,0,230,4135,4877,0,385,0,319,0,226,558,104,2081,104,0,0,1096
FUELHH,20230405,16,16641,0,230,4126,5213,0,402,0,702,0,90,626,2,2068,114,0,0,1096
FUELHH,20230405,17,16964,0,229,4122,5419,52,390,0,326,376,0,854,0,2086,446,0,400,1096
FUELHH,20230405,18,17334,0,230,4121,5880,22,372,0,258,418,0,866,0,2109,450,0,442,1096
FUELHH,20230405,19,16406,0,230,4118,6244,0,331,0,178,826,0,1042,0,2095,444,66,878,1096
FUELHH,20230405,20,16087,0,228,4125,6422,18,328,0,141,820,0,1048,0,2099,446,106,890,1096
FUELHH,20230405,21,15997,0,229,4129,6342,290,259,0,134,286,0,1048,0,2096,668,434,686,1096
FUELHH,20230405,22,15466,0,230,4123,6256,592,260,0,155,272,0,1048,0,2102,670,466,680,1096
FUELHH,20230405,23,14249,0,230,4128,6361,592,277,0,139,662,0,1048,0,2091,682,848,750,1096
FUELHH,20230405,24,13923,0,230,4118,6364,628,251,0,143,672,0,1048,0,2082,684,864,756,1096
FUELHH,20230405,25,13943,0,230,4118,6430,628,222,0,148,620,0,1048,0,2086,930,880,820,1096
FUELHH,20230405,26,13717,0,231,4126,6621,562,219,0,156,622,0,1048,0,2078,934,880,822,1096
FUELHH,20230405,27,13383,0,229,4126,6572,556,203,0,146,818,0,960,0,2083,998,852,826,1096
FUELHH,20230405,28,13127,0,230,4121,6587,478,191,0,148,826,0,958,0,2085,996,850,832,1096
FUELHH,20230405,29,13192,0,231,4125,6536,488,173,0,144,956,0,1046,0,2087,710,836,944,1096
FUELHH,20230405,30,13520,0,231,4123,6407,298,162,0,148,952,0,1046,0,2071,706,832,942,1096
FUELHH,20230405,31,14790,0,230,4125,6135,204,152,0,152,792,0,972,0,2107,560,738,792,1096
FUELHH,20230405,32,15334,0,230,4125,5914,310,188,0,153,800,0,972,0,2129,562,734,776,1096
FUELHH,20230405,33,15609,0,233,4131,5503,368,204,0,167,1526,0,736,0,2128,834,752,632,1096
FUELHH,20230405,34,16723,0,358,4120,5155,230,256,0,188,1568,0,724,0,2134,838,726,634,1096
FUELHH,20230405,35,17824,0,481,4125,4857,354,452,0,199,1216,0,922,0,2136,770,134,792,1096
FUELHH,20230405,36,18108,0,452,4123,4653,502,533,8,222,1202,0,932,0,2132,770,108,800,1096
FUELHH,20230405,37,18685,0,391,4126,4669,1070,778,94,931,676,0,416,0,2144,336,0,210,1096
FUELHH,20230405,38,18402,0,369,4125,4621,2018,745,94,856,640,0,416,0,2137,330,0,172,1096
FUELHH,20230405,39,18621,0,394,4131,4536,1814,756,94,686,366,0,1022,0,2139,646,0,70,1096
FUELHH,20230405,40,18673,0,426,4133,4359,1548,749,10,680,394,0,1030,0,2132,644,0,72,1096
FUELHH,20230405,41,18737,0,483,4132,4232,930,758,0,478,1266,0,512,0,2132,260,0,242,1096
FUELHH,20230405,42,18538,0,490,4128,3756,872,669,0,349,1270,0,496,0,2131,254,0,248,1096
FUELHH,20230405,43,19097,0,456,4132,3383,666,519,0,317,428,0,246,0,2154,76,0,176,1096
FUELHH,20230405,44,18466,0,294,4131,3150,262,514,0,231,382,0,238,0,2150,72,0,172,1096
FUELHH,20230405,45,17602,0,229,4140,3181,212,316,0,202,256,0,102,0,2155,0,0,160,1096
FUELHH,20230405,46,16206,0,240,4136,2985,364,284,0,188,266,0,102,0,2154,0,0,162,1096
FUELHH,20230405,47,13289,0,235,4140,2846,212,170,0,202,668,0,370,0,2145,372,276,192,1096
FUELHH,20230405,48,12279,0,231,4135,3080,0,166,0,137,660,0,370,0,2151,372,282,182,1096
FUELHH,20230406,1,12845,0,244,4134,3300,0,149,0,133,86,0,140,0,2152,0,0,0,1096
FUELHH,20230406,2,12359,0,231,4134,3515,0,146,0,133,66,0,140,0,2147,0,0,0,1096
FUELHH,20230406,3,11812,0,229,4131,4106,0,127,0,133,356,0,178,0,2153,0,0,26,1096
FUELHH,20230406,4,11688,0,230,4136,4465,0,127,0,136,360,0,178,0,2146,0,0,34,1096
FUELHH,20230406,5,11108,0,229,4132,5187,0,126,0,152,566,0,150,0,2149,0,0,34,1096
FUELHH,20230406,6,10327,0,229,4127,5883,0,123,0,141,548,0,146,0,2143,0,0,30,1080
FUELHH,20230406,7,10193,0,229,4127,6313,0,123,0,152,0,0,0,0,2157,0,0,0,928
FUELHH,20230406,8,10206,0,229,4129,6442,0,125,0,189,0,0,0,0,2100,0,0,0,928
FUELHH,20230406,9,10943,0,230,4127,6267,0,134,0,192,0,0,206,0,2120,0,0,0,1080
FUELHH,20230406,10,10929,0,230,4134,6387,0,134,0,188,0,0,214,0,2154,0,0,0,1096
FUELHH,20230406,11,11245,0,230,4137,6746,0,172,0,142,0,72,222,8,2152,0,0,0,1096
FUELHH,20230406,12,11670,0,230,4138,7078,0,209,0,136,0,146,214,0,2142,0,0,0,1096
FUELHH,20230406,13,12594,0,230,4133,7147,158,335,0,308,0,192,0,68,2139,64,0,0,1096
FUELHH,20230406,14,13272,0,229,4131,6866,560,413,0,618,0,52,0,146,2147,96,0,0,1096
FUELHH,20230406,15,12947,0,230,4135,6798,624,556,0,342,0,0,796,24,2152,686,0,62,1096
FUELHH,20230406,16,13447,0,228,4135,6694,784,578,0,470,0,0,942,0,2145,704,0,110,1096
FUELHH,20230406,17,14204,0,250,4135,6739,650,595,0,254,284,0,424,0,2126,994,0,342,1096
FUELHH,20230406,18,14445,0,290,4131,6587,484,593,0,271,364,0,426,0,2133,998,0,346,1096
FUELHH,20230406,19,13815,0,251,4124,6345,476,536,0,178,1092,0,1028,0,2134,968,0,148,1096
FUELHH,20230406,20,13760,0,254,4135,6429,160,508,0,138,1126,0,1050,0,2118,968,0,140,1096
FUELHH,20230406,21,13360,0,0,4132,6516,0,343,0,138,1022,0,764,0,2128,772,4,280,1096
FUELHH,20230406,22,12120,0,0,4133,6777,128,340,0,151,1020,0,760,0,2116,770,34,290,1096
FUELHH,20230406,23,11342,0,0,4129,7207,0,283,15,149,1000,0,626,0,2124,804,364,348,1096
FUELHH,20230406,24,10747,0,0,4136,7757,0,264,5,136,994,0,626,0,2111,804,376,350,1096
FUELHH,20230406,25,10505,0,0,4134,8127,0,207,1,137,840,0,600,0,2102,816,318,346,1096
FUELHH,20230406,26,10298,0,0,4133,8156,0,206,1,148,834,0,600,0,2019,790,326,348,1096
FUELHH,20230406,27,9750,0,0,4131,8508,0,205,2,144,872,0,450,0,1886,58,588,392,1096
FUELHH,20230406,28,8935,0,0,4133,8612,0,203,1,148,874,0,448,0,1886,38,600,400,1058
FUELHH,20230406,29,7854,0,0,4128,8919,0,204,1,140,972,0,746,0,1875,412,628,542,686
FUELHH,20230406,30,7569,0,0,4126,8961,0,198,1,172,952,0,662,0,1822,414,618,538,648
FUELHH,20230406,31,9245,0,0,4128,8950,0,196,2,175,350,0,0,0,1905,76,356,308,648
FUELHH,20230406,32,9380,0,0,4132,9359,0,195,0,171,316,0,0,0,1890,68,342,296,658
FUELHH,20230406,33,11023,0,0,4127,8938,0,220,0,253,0,0,0,0,1892,356,414,0,1058
FUELHH,20230406,34,12355,0,0,4127,8590,0,232,52,436,0,0,0,0,1889,358,414,0,1096
FUELHH,20230406,35,13184,0,0,4126,8250,0,316,44,596,120,0,0,0,1878,262,298,0,1096
FUELHH,20230406,36,14016,0,0,4128,7908,0,353,172,628,124,0,0,0,1881,262,292,0,1096
FUELHH,20230406,37,14875,0,0,4126,7407,0,484,193,620,0,0,392,0,2012,190,244,46,1096
FUELHH,20230406,38,14649,0,0,4119,7292,78,486,181,824,0,0,424,0,2129,190,250,68,1096
FUELHH,20230406,39,14617,0,0,4123,7010,0,485,171,648,842,0,716,0,2119,278,428,376,1096
FUELHH,20230406,40,14731,0,0,4122,6994,0,488,196,547,884,0,738,0,2024,278,430,392,1096
FUELHH,20230406,41,14176,0,0,4124,7539,0,467,123,494,1042,0,1044,0,2084,308,310,452,1096
FUELHH,20230406,42,13816,0,0,4123,7482,0,482,14,397,1038,0,1038,0,2125,304,316,454,1096
FUELHH,20230406,43,13647,0,0,4122,6942,470,428,0,403,750,0,544,0,2114,0,542,424,1096
FUELHH,20230406,44,13141,0,0,4125,6453,114,423,0,232,738,0,528,0,2131,0,554,422,1096
FUELHH,20230406,45,12680,0,0,4120,6621,220,293,1,203,456,0,102,0,2136,0,342,254,1096
FUELHH,20230406,46,11796,0,0,4126,6779,104,255,1,160,444,0,104,0,2138,0,332,246,1096
FUELHH,20230406,47,10891,0,0,4134,6698,236,198,1,217,142,0,0,0,2124,122,0,0,1096
FUELHH,20230406,48,9975,0,0,4129,6668,286,243,0,170,128,0,0,0,2121,124,0,0,1096
FUELHH,20230407,1,10072,0,0,4132,6301,10,247,1,166,0,0,0,0,2123,244,0,0,1096
FUELHH,20230407,2,10030,0,0,4137,6116,0,178,1,143,0,0,0,0,2124,240,0,0,1092
FUELHH,20230407,3,10146,0,0,4132,5906,0,140,0,135,570,0,0,0,2119,0,0,30,1060
FUELHH,20230407,4,10395,0,0,4133,5593,0,138,0,179,600,0,0,0,2122,0,0,38,1056
FUELHH,20230407,5,10091,0,0,4131,5401,0,138,0,150,514,0,100,0,2109,168,0,322,1016
FUELHH,20230407,6,9983,0,0,4133,5428,0,139,0,141,512,0,100,0,2092,170,0,334,996
FUELHH,20230407,7,10002,0,0,4129,5234,0,139,0,146,588,0,0,0,2078,64,0,252,828
FUELHH,20230407,8,10349,0,0,4124,4983,0,139,0,152,590,0,0,0,2069,64,0,246,814
FUELHH,20230407,9,10465,0,0,4125,4869,0,148,0,143,312,0,0,0,1991,0,0,94,1072
FUELHH,20230407,10,10259,0,0,4124,4732,0,159,1,143,282,0,0,0,2022,0,0,84,1096
FUELHH,20230407,11,10129,0,0,4126,4648,0,159,1,142,0,0,338,0,2027,0,0,0,1096
FUELHH,20230407,12,10556,0,0,4124,4429,0,179,1,142,0,0,366,0,2036,0,0,0,1096
FUELHH,20230407,13,11384,0,0,4131,4282,10,231,1,157,0,36,742,0,2111,0,0,0,1096
FUELHH,20230407,14,11768,0,0,4124,4197,322,304,1,196,0,58,758,0,2125,0,0,0,1096
FUELHH,20230407,15,12635,0,0,4131,4169,488,646,1,292,0,0,192,0,2122,0,0,36,1096
FUELHH,20230407,16,12587,0,0,4136,4081,630,671,1,497,6,0,192,0,2109,0,0,54,1096
FUELHH,20230407,17,12336,0,0,4128,3979,646,597,0,363,140,0,868,0,2119,0,0,394,1096
FUELHH,20230407,18,12178,0,0,4143,3847,622,687,1,352,164,0,892,0,2112,0,0,408,1096
FUELHH,20230407,19,11738,0,0,4138,3556,348,497,1,157,664,0,902,0,2080,236,14,354,1096
FUELHH,20230407,20,11164,0,0,4140,3496,278,473,0,137,674,0,880,0,2018,250,26,358,1096
FUELHH,20230407,21,10665,0,0,4133,3502,130,341,1,149,322,0,572,0,2033,128,168,510,1096
FUELHH,20230407,22,10319,0,0,4131,3288,98,292,0,141,318,0,572,0,1853,128,200,516,1096
FUELHH,20230407,23,9570,0,0,4128,3106,0,236,0,156,666,0,412,0,1908,78,706,442,1096
FUELHH,20230407,24,9415,0,0,4123,2895,32,233,0,189,682,0,408,0,2014,78,728,438,1096
FUELHH,20230407,25,9885,0,0,4126,2761,0,190,1,197,550,0,364,0,2084,0,744,360,1096
FUELHH,20230407,26,9927,0,0,4130,2672,0,189,1,153,546,0,362,0,2098,0,736,364,1096
FUELHH,20230407,27,9733,0,0,4129,2394,0,188,1,142,570,0,268,0,2096,72,564,538,1096
FUELHH,20230407,28,9490,0,0,4134,2262,0,178,1,135,572,0,268,0,2097,72,556,546,1084
FUELHH,20230407,29,9349,0,0,4132,2176,0,179,0,137,908,46,406,0,2046,116,556,614,686
FUELHH,20230407,30,9194,0,0,4136,2141,0,179,0,136,906,92,406,0,2008,116,550,608,658
FUELHH,20230407,31,9663,0,0,4138,1975,0,179,1,143,470,170,234,0,2049,218,414,452,754
FUELHH,20230407,32,9810,0,0,4136,1931,22,180,0,170,452,286,234,0,2004,220,404,446,792
FUELHH,20230407,33,10400,0,0,4137,1809,0,202,0,187,370,376,216,48,1915,460,326,484,1068
FUELHH,20230407,34,11491,0,0,4139,1602,90,227,0,259,366,398,216,196,2036,464,322,484,1096
FUELHH,20230407,35,13121,0,0,4140,1562,0,310,0,194,350,334,422,346,2064,500,300,460,1096
FUELHH,20230407,36,14082,0,0,4141,1569,24,352,1,207,350,396,432,476,2116,500,298,458,1096
FUELHH,20230407,37,14039,0,0,4131,1567,316,637,1,286,898,400,622,466,2120,400,266,644,1096
FUELHH,20230407,38,14991,0,0,4129,1645,410,650,1,311,924,400,630,416,2098,400,274,650,1096
FUELHH,20230407,39,15017,0,0,4134,1568,856,767,2,352,846,400,920,378,2098,308,488,574,1096
FUELHH,20230407,40,15046,0,0,4128,1547,706,769,86,479,844,400,940,418,2102,308,500,570,1096
FUELHH,20230407,41,15079,0,0,4132,1645,448,688,93,466,1258,400,812,426,2108,366,556,604,1096
FUELHH,20230407,42,15019,0,0,4136,1758,452,577,20,288,1270,400,812,384,2093,362,554,602,1096
FUELHH,20230407,43,14856,0,0,4131,1802,238,400,0,199,1258,400,962,466,2058,128,428,490,1096
FUELHH,20230407,44,14358,0,0,4131,1807,168,324,0,161,1224,356,960,374,2003,124,408,468,1096
FUELHH,20230407,45,15072,0,0,4129,1724,86,224,0,253,392,398,650,470,2004,0,84,138,1096
FUELHH,20230407,46,14129,0,0,4135,1695,0,205,1,169,364,400,644,390,2051,0,60,122,1096
FUELHH,20230407,47,12571,0,0,4141,1717,0,147,0,157,684,326,658,260,2058,162,0,220,1096
FUELHH,20230407,48,11716,0,0,4137,1718,0,128,1,182,668,176,642,110,2068,164,0,224,1096
FUELHH,20230408,1,11860,0,0,4146,1821,0,126,1,186,0,34,412,4,2077,74,26,200,1096
FUELHH,20230408,2,11677,0,0,4139,1840,48,107,1,151,0,0,408,0,2084,74,34,190,1096
FUELHH,20230408,3,11888,0,0,4163,1910,0,89,1,134,0,0,298,0,2092,86,38,0,1096
FUELHH,20230408,4,12094,0,0,4210,1898,0,85,1,151,0,0,298,0,2102,86,36,0,1096
FUELHH,20230408,5,12176,0,0,4202,1821,0,85,1,175,0,16,270,62,2100,0,0,112,1096
FUELHH,20230408,6,11760,0,0,4204,1842,0,85,1,161,0,0,270,192,2101,0,0,122,1090
FUELHH,20230408,7,11628,0,0,4212,1933,0,85,1,140,44,58,148,204,2078,0,0,148,920
FUELHH,20230408,8,11676,0,0,4212,2117,0,85,1,143,40,62,148,204,1788,0,0,144,902
FUELHH,20230408,9,11802,0,0,4227,2461,0,85,1,139,0,176,102,204,1456,0,0,20,930
FUELHH,20230408,10,11511,0,0,4264,2608,0,85,1,151,0,138,102,204,1455,0,0,14,936
FUELHH,20230408,11,11609,0,0,4270,2673,0,86,1,164,0,220,0,130,1467,26,0,0,1054
FUELHH,20230408,12,11436,0,0,4269,2965,0,101,1,228,0,262,0,12,1464,28,0,0,1066
FUELHH,20230408,13,11679,0,0,4267,3068,0,138,1,182,0,268,202,0,1458,0,0,0,1094
FUELHH,20230408,14,11927,0,0,4263,3213,0,214,1,239,0,304,212,18,1455,0,0,0,1096
FUELHH,20230408,15,11865,0,0,4270,3292,88,263,1,204,0,176,504,0,1452,152,0,106,1096
FUELHH,20230408,16,11772,0,0,4267,3201,182,284,1,329,12,188,524,16,1455,152,0,126,1096
FUELHH,20230408,17,11929,0,0,4272,3123,94,299,1,190,396,70,832,0,1458,250,0,352,1096
FUELHH,20230408,18,11734,0,0,4276,3208,0,312,1,183,416,66,840,0,1457,254,0,358,1096
FUELHH,20230408,19,11329,0,0,4275,3273,0,286,1,146,664,0,932,0,1476,510,102,216,1096
FUELHH,20230408,20,10874,0,0,4283,3311,0,286,0,151,672,0,936,0,1483,512,112,208,1096
FUELHH,20230408,21,9431,0,0,4314,3379,0,241,0,197,1150,0,944,0,1482,542,218,220,1096
FUELHH,20230408,22,8753,0,0,4330,3340,0,223,1,154,1164,0,930,0,1467,540,224,212,1096
FUELHH,20230408,23,8607,0,0,4330,3209,0,147,1,145,1064,0,706,54,1475,402,258,18,1096
FUELHH,20230408,24,8398,0,0,4329,3147,0,140,1,142,1062,0,706,6,1473,402,260,10,1086
FUELHH,20230408,25,8184,0,0,4309,3244,0,107,1,141,998,0,834,0,1474,500,164,70,776
FUELHH,20230408,26,7798,0,0,4311,3309,0,102,1,153,996,0,836,0,1472,502,160,74,736
FUELHH,20230408,27,7421,0,0,4308,3372,0,101,1,144,1118,70,930,0,1465,558,162,84,338
FUELHH,20230408,28,6991,0,0,4316,3479,0,100,1,165,1080,102,930,0,1479,556,170,76,294
FUELHH,20230408,29,7412,0,0,4307,3491,18,100,1,163,362,212,932,0,1470,408,370,0,240
FUELHH,20230408,30,7513,0,0,4303,3516,0,101,1,182,310,176,932,0,1477,406,372,0,270
FUELHH,20230408,31,8291,0,0,4314,3588,0,100,1,197,0,282,628,0,1474,194,180,0,644
FUELHH,20230408,32,8897,0,0,4312,3590,14,101,1,195,0,308,610,0,1469,190,178,0,716
FUELHH,20230408,33,9392,0,0,4320,3476,46,116,1,233,38,352,518,0,1465,0,352,44,1060
FUELHH,20230408,34,10834,0,0,4327,3415,64,152,1,235,54,400,516,90,1456,0,356,60,1096
FUELHH,20230408,35,11767,0,0,4336,3423,106,350,50,193,260,400,496,206,1457,30,248,226,1096
FUELHH,20230408,36,12126,0,0,4343,3313,310,483,131,303,264,400,496,318,1456,32,244,234,1096
FUELHH,20230408,37,12184,0,0,4352,3198,444,590,90,398,836,400,388,356,1593,70,462,308,1096
FUELHH,20230408,38,12404,0,0,4363,3136,770,614,6,577,874,400,362,390,1814,72,478,316,1096
FUELHH,20230408,39,12288,0,0,4368,3139,1140,694,1,554,1188,400,0,344,2006,306,596,418,1096
FUELHH,20230408,40,12394,0,0,4374,3223,1096,717,1,449,1198,400,0,390,2005,308,602,424,1096
FUELHH,20230408,41,12427,0,0,4375,3473,746,718,1,575,1012,400,228,330,2013,20,596,376,1096
FUELHH,20230408,42,12306,0,0,4374,3741,792,710,1,493,1004,400,262,254,2086,16,596,374,1096
FUELHH,20230408,43,11913,0,0,4375,3662,858,629,1,294,598,384,746,256,2109,176,328,320,1096
FUELHH,20230408,44,12040,0,0,4378,3435,206,589,1,171,580,286,760,206,2107,178,316,318,1096
FUELHH,20230408,45,12242,0,0,4389,3359,256,457,1,202,0,382,352,360,2111,148,118,0,1096
FUELHH,20230408,46,11575,0,0,4406,3451,122,243,1,164,0,400,352,488,2112,150,114,0,1096
FUELHH,20230408,47,9747,0,0,4418,3579,74,217,1,147,406,400,220,504,2100,306,168,34,1096
FUELHH,20230408,48,8488,0,0,4416,3657,0,185,1,189,436,400,218,504,2102,306,172,38,1096
FUELHH,20230409,1,8686,0,0,4413,3758,0,143,1,173,0,400,102,504,2103,78,186,0,1096
FUELHH,20230409,2,8290,0,0,4420,4209,0,113,1,136,0,400,102,504,2095,76,188,0,1096
FUELHH,20230409,3,7645,0,0,4413,4490,0,88,8,135,40,400,198,504,2101,146,220,0,1094
FUELHH,20230409,4,7584,0,0,4418,4808,0,88,2,136,50,400,198,504,2099,142,218,0,1060
FUELHH,20230409,5,7709,0,0,4415,4999,0,89,1,133,96,400,144,504,2098,0,142,0,722
FUELHH,20230409,6,7368,0,0,4418,4907,0,89,1,146,98,400,144,504,2101,0,136,0,642
FUELHH,20230409,7,7359,0,0,4417,4880,0,89,2,169,0,400,132,504,2104,0,100,0,270
FUELHH,20230409,8,7319,0,0,4417,4971,0,89,1,141,0,400,132,504,2102,0,100,0,230
FUELHH,20230409,9,7799,0,0,4425,4877,0,89,1,157,0,400,0,504,2103,0,100,0,170
FUELHH,20230409,10,7844,0,0,4424,4732,0,89,1,145,0,400,0,504,2103,0,100,0,164
FUELHH,20230409,11,7372,0,0,4437,4812,0,139,1,128,0,400,254,504,2097,0,100,0,210
FUELHH,20230409,12,7047,0,0,4439,4907,0,145,2,245,0,400,270,504,2097,0,98,0,252
FUELHH,20230409,13,7087,0,0,4455,4687,0,166,1,213,0,400,566,504,2100,36,82,0,612
FUELHH,20230409,14,6547,0,0,4461,4564,0,228,1,448,0,400,584,504,2102,40,96,0,684
FUELHH,20230409,15,5329,0,0,4458,4461,0,257,1,132,704,400,726,504,2101,348,432,304,1050
FUELHH,20230409,16,5411,0,0,4453,4491,0,290,1,322,830,390,732,504,2092,354,450,328,1096
FUELHH,20230409,17,5403,0,0,4452,4442,0,292,1,204,1450,276,800,504,2100,574,608,436,1096
FUELHH,20230409,18,5288,0,0,4447,4937,0,283,1,200,1486,340,804,486,2099,578,632,458,1096
FUELHH,20230409,19,4475,0,0,4463,5098,0,270,1,177,1780,246,872,360,2025,772,982,874,1096
FUELHH,20230409,20,4085,0,0,4471,5294,0,265,1,131,1792,296,870,306,2064,774,998,896,1092
FUELHH,20230409,21,3678,0,0,4468,5586,0,177,1,128,1898,188,804,246,2074,648,998,968,1070
FUELHH,20230409,22,3562,0,0,4474,5996,0,151,1,131,1900,70,804,94,1841,648,998,974,1058
FUELHH,20230409,23,3688,0,0,4467,6119,0,122,1,147,1958,60,944,0,1654,650,972,918,666
FUELHH,20230409,24,3260,0,0,4475,5847,0,119,1,176,1958,42,948,0,1790,652,972,906,584
FUELHH,20230409,25,3554,0,0,4469,5706,0,86,1,235,1930,0,890,0,2021,782,972,740,218
FUELHH,20230409,26,3549,0,0,4480,6207,0,84,1,139,1930,0,890,0,1970,782,966,738,152
FUELHH,20230409,27,3070,0,0,4480,6379,0,83,1,181,1974,0,1036,0,1639,860,830,906,0
FUELHH,20230409,28,2984,0,0,4484,6910,0,82,1,124,1976,0,1038,0,1421,860,824,914,0
FUELHH,20230409,29,3773,0,0,4481,7160,0,83,1,150,1206,60,1038,0,1322,962,452,530,0
FUELHH,20230409,30,3506,0,0,4489,7303,0,83,1,135,1186,80,1038,0,1684,954,444,506,0
FUELHH,20230409,31,3424,0,0,4493,7771,0,83,1,147,1510,188,610,0,1929,546,684,452,0
FUELHH,20230409,32,3616,0,0,4036,8317,0,85,1,147,1508,128,544,0,2063,532,686,446,0
FUELHH,20230409,33,5273,0,0,4488,8248,0,135,1,196,1054,184,270,0,2080,204,432,364,152
FUELHH,20230409,34,6840,0,0,4486,8278,0,139,1,175,996,142,270,0,1751,198,404,338,236
FUELHH,20230409,35,8516,0,0,4491,8483,398,198,1,248,202,206,206,8,1691,54,110,0,610
FUELHH,20230409,36,9548,0,0,4483,8684,344,227,1,199,170,90,206,0,2036,52,96,0,658
FUELHH,20230409,37,10227,0,0,4483,8709,570,348,1,180,0,0,0,40,2028,0,0,0,1058
FUELHH,20230409,38,10519,0,0,4483,9067,500,348,1,239,0,0,0,0,2023,0,0,0,1096
FUELHH,20230409,39,10611,0,0,4479,9402,538,349,1,245,0,0,0,0,2041,0,0,0,1096
FUELHH,20230409,40,10803,0,0,4476,9775,392,349,1,243,0,0,0,0,2042,0,0,0,1096
FUELHH,20230409,41,10715,0,0,4479,9801,104,369,1,258,0,0,160,0,2032,14,0,0,1096
FUELHH,20230409,42,10262,0,0,4475,9998,0,365,1,146,0,0,186,0,2035,12,0,0,1064
FUELHH,20230409,43,10089,0,0,4478,10126,124,333,1,402,0,0,0,0,2040,0,0,0,762
FUELHH,20230409,44,8996,0,0,4479,10216,264,305,1,220,0,0,0,0,2099,0,0,0,714
FUELHH,20230409,45,8247,0,0,4479,10222,214,198,1,376,0,0,0,0,2053,0,0,0,322
FUELHH,20230409,46,7363,0,0,4480,10305,50,186,1,187,0,0,0,0,2032,0,0,0,240
FUELHH,20230409,47,6837,0,0,4477,10472,186,153,1,355,0,0,0,0,2030,0,0,0,0
FUELHH,20230409,48,6275,0,0,4484,10681,0,152,1,173,0,0,0,0,2032,0,0,0,0
FUELHH,20230410,1,5777,0,0,4485,11002,0,138,1,161,0,0,124,0,1901,0,0,0,0
FUELHH,20230410,2,4897,0,0,4488,11694,0,136,1,133,0,0,126,0,1938,0,0,0,0
FUELHH,20230410,3,4186,0,0,4485,11938,0,101,1,136,0,0,102,0,1841,0,74,0,0
FUELHH,20230410,4,4331,0,0,4482,12068,0,100,1,138,0,0,102,0,1746,0,110,0,0
FUELHH,20230410,5,4401,0,0,4478,12227,0,99,0,146,0,0,0,0,1836,0,308,0,0
FUELHH,20230410,6,3971,0,0,4481,12149,0,99,1,160,0,0,0,0,1881,0,318,0,0
FUELHH,20230410,7,3973,0,0,4478,12094,0,99,1,142,0,0,102,0,1667,0,304,0,0
FUELHH,20230410,8,3996,0,0,4477,11991,0,98,1,169,0,0,104,0,1416,0,302,0,0
FUELHH,20230410,9,4030,0,0,4480,11794,0,98,1,156,0,0,0,0,1186,0,358,0,0
FUELHH,20230410,10,3927,0,0,4482,11619,0,98,1,183,0,0,0,0,1175,0,362,0,0
FUELHH,20230410,11,3916,0,0,4482,11367,0,166,1,140,0,0,0,0,1177,0,414,44,0
FUELHH,20230410,12,4160,0,0,4482,11048,0,167,1,173,0,0,0,0,1226,0,420,48,0
FUELHH,20230410,13,3457,0,0,4490,10952,0,241,1,131,0,0,380,0,1170,0,504,20,0
FUELHH,20230410,14,3416,0,0,4487,10867,40,244,1,177,0,0,410,0,1173,0,508,20,0
FUELHH,20230410,15,3081,0,0,4487,10880,0,271,1,148,408,0,534,0,1254,134,644,294,0
FUELHH,20230410,16,3212,0,0,4489,10857,0,271,0,354,430,0,534,0,1715,138,650,306,0
FUELHH,20230410,17,3089,0,0,4490,11044,0,283,1,147,862,0,912,0,1718,654,612,386,162
FUELHH,20230410,18,3140,0,0,4487,10986,2,293,0,306,880,0,912,0,1448,668,610,390,208
FUELHH,20230410,19,2936,0,0,4480,11100,0,283,0,185,1708,0,900,0,1213,898,792,760,330
FUELHH,20230410,20,2970,0,0,4487,11347,0,269,0,159,1736,0,902,0,1215,902,798,776,352
FUELHH,20230410,21,2923,0,0,4484,11641,278,242,0,196,1456,0,950,0,1264,902,662,648,442
FUELHH,20230410,22,3015,0,0,4484,11619,0,213,0,148,1438,0,950,0,1321,898,654,648,416
FUELHH,20230410,23,3495,0,0,4480,11130,26,163,0,176,1174,0,950,0,1559,622,564,776,40
FUELHH,20230410,24,3229,0,0,4484,11698,0,161,0,167,1188,0,936,0,1726,544,578,790,10
FUELHH,20230410,25,3260,0,0,4481,11566,0,111,0,200,1780,0,338,0,1757,0,980,984,84
FUELHH,20230410,26,2671,0,0,4492,11696,0,101,0,152,1794,0,338,0,1592,0,998,992,110
FUELHH,20230410,27,2187,0,0,4487,10131,0,102,0,166,1606,0,614,0,1301,876,998,992,290
FUELHH,20230410,28,2058,0,0,4492,9380,0,120,0,143,1594,0,614,0,1295,998,998,990,298
FUELHH,20230410,29,2068,0,0,4492,9449,0,105,1,146,1480,0,424,0,1226,828,998,902,194
FUELHH,20230410,30,2018,0,0,4504,9788,0,104,1,141,1474,0,390,0,1170,826,998,898,188
FUELHH,20230410,31,1941,0,0,4678,10076,0,104,1,168,1388,0,0,0,1231,876,996,858,222
FUELHH,20230410,32,1907,0,0,4699,10296,0,114,0,147,1354,0,0,0,1205,862,996,840,262
FUELHH,20230410,33,1985,0,0,4703,11735,0,196,1,173,634,0,0,0,1413,308,998,458,628
FUELHH,20230410,34,2146,0,0,4712,12040,0,165,1,260,598,0,0,0,1493,304,998,436,708
FUELHH,20230410,35,2264,0,0,4715,11606,28,323,1,202,724,0,604,0,892,856,998,440,1052
FUELHH,20230410,36,2284,0,0,4718,12580,52,458,1,197,722,0,708,0,989,874,998,426,1096
FUELHH,20230410,37,2405,0,0,4710,12569,606,491,50,245,560,18,962,0,1071,1018,998,136,1096
FUELHH,20230410,38,2645,0,0,4706,12411,674,488,159,461,534,0,976,0,1327,1020,982,136,1096
FUELHH,20230410,39,2931,0,0,4700,12123,674,473,209,749,188,0,1048,0,1450,1020,622,442,1096
FUELHH,20230410,40,3265,0,0,4698,11710,784,470,209,850,190,0,1046,0,1459,1020,608,458,1096
FUELHH,20230410,41,3234,0,0,4706,11864,874,469,210,629,620,0,1048,0,1439,1020,698,522,1096
FUELHH,20230410,42,2932,0,0,4699,12353,844,436,210,522,636,0,1048,0,1440,1020,696,524,1096
FUELHH,20230410,43,2611,0,0,4703,12342,712,413,209,445,502,0,1050,0,1429,1000,528,474,1096
FUELHH,20230410,44,2539,0,0,4702,12214,516,416,41,319,418,0,1048,0,1405,1000,516,458,1094
FUELHH,20230410,45,3242,0,0,4706,12190,16,373,1,251,0,0,1048,0,1416,1000,432,136,1094
FUELHH,20230410,46,2914,0,0,4707,12289,0,318,1,150,0,0,1012,0,1386,946,434,116,1056
FUELHH,20230410,47,3443,0,0,4706,12659,0,192,1,212,0,0,146,0,1351,0,586,20,682
FUELHH,20230410,48,2953,0,0,4713,12696,0,185,2,146,0,0,100,0,1337,0,582,0,606
FUELHH,20230411,1,4121,0,0,4713,12692,0,185,2,295,0,0,0,0,1397,0,352,0,234
FUELHH,20230411,2,4024,0,0,4714,12605,0,182,2,360,0,0,0,0,1421,0,342,0,158
FUELHH,20230411,3,4383,0,0,4718,12584,0,167,21,341,0,0,0,0,1421,0,340,0,0
FUELHH,20230411,4,4463,0,0,4712,13058,0,165,79,490,0,0,0,0,1423,0,342,0,0
FUELHH,20230411,5,4333,0,0,4712,13095,0,165,69,503,0,0,0,0,1416,0,380,0,0
FUELHH,20230411,6,3974,0,0,4708,13041,0,145,56,356,0,0,0,0,1420,0,372,0,0
FUELHH,20230411,7,4242,0,0,4708,13035,0,144,69,290,0,0,0,0,1423,0,156,0,0
FUELHH,20230411,8,4190,0,0,4705,12999,0,144,70,274,0,0,0,0,1424,0,144,0,0
FUELHH,20230411,9,3454,0,0,4718,12345,0,157,3,254,0,0,0,0,1411,132,0,0,0
FUELHH,20230411,10,3432,0,0,4718,12189,0,163,3,154,0,0,0,0,1402,146,0,0,80
FUELHH,20230411,11,4092,0,0,4723,11970,0,235,3,146,0,0,0,0,1397,0,0,0,446
FUELHH,20230411,12,4772,0,0,4719,11840,42,259,2,171,0,0,0,0,1404,0,0,0,530
FUELHH,20230411,13,5507,0,0,4722,11654,162,372,4,194,0,0,442,0,1407,0,0,0,894
FUELHH,20230411,14,7148,0,0,4720,11433,46,377,144,480,0,0,492,0,1408,0,0,0,952
FUELHH,20230411,15,8167,0,0,4724,11698,0,410,161,558,0,0,574,0,1402,64,0,0,1082
FUELHH,20230411,16,8558,0,0,4724,11556,156,416,103,668,0,0,616,0,1413,70,0,0,1096
FUELHH,20230411,17,8183,0,0,4724,11287,192,434,10,395,14,0,1012,0,1411,424,0,12,1096
FUELHH,20230411,18,7905,0,0,4727,11024,552,516,1,288,48,0,1012,0,1408,430,0,32,1096
FUELHH,20230411,19,6598,0,0,4738,10850,436,458,1,81,536,0,1048,0,1411,908,190,292,1096
FUELHH,20230411,20,6023,0,0,4733,10564,422,416,1,100,574,0,1048,0,1415,918,220,312,1096
FUELHH,20230411,21,5130,0,0,4739,10502,308,390,1,70,1072,0,1044,0,1400,940,566,516,1096
FUELHH,20230411,22,5019,0,0,4735,9885,318,384,1,110,1076,0,1044,0,1408,940,590,526,1096
FUELHH,20230411,23,5141,0,0,4744,9814,352,310,0,74,724,0,1048,0,1403,908,818,516,1096
FUELHH,20230411,24,5151,0,0,4746,9943,386,319,1,97,716,0,1048,0,1393,908,834,522,1096
FUELHH,20230411,25,4995,0,0,4729,10136,472,317,0,85,976,0,1048,0,1403,924,990,626,1096
FUELHH,20230411,26,5038,0,0,4723,9702,602,249,0,149,978,0,1048,0,1434,922,998,620,1096
FUELHH,20230411,27,6271,0,0,4729,9442,396,247,1,156,696,0,1050,0,1446,774,998,386,1096
FUELHH,20230411,28,6571,0,0,4726,9447,284,247,0,168,702,0,1048,0,1446,774,1000,372,1096
FUELHH,20230411,29,6753,0,0,4736,9544,254,241,1,123,1056,0,1048,0,1434,944,998,320,1096
FUELHH,20230411,30,6901,0,0,4732,9779,164,236,0,196,1076,0,1048,0,1441,946,998,344,1096
FUELHH,20230411,31,6624,0,0,4736,10249,0,255,0,59,1296,0,1048,0,1435,968,998,952,1096
FUELHH,20230411,32,6970,0,0,4739,10877,0,251,1,59,1240,0,1046,0,1419,966,980,968,1096
FUELHH,20230411,33,8534,0,0,4745,11616,0,310,1,108,156,0,954,0,1414,678,574,672,1096
FUELHH,20230411,34,8834,0,0,4744,11955,102,338,1,129,98,0,940,0,1433,668,508,646,1096
FUELHH,20230411,35,10040,0,0,4747,12206,768,419,1,444,100,0,366,0,1435,256,0,354,1096
FUELHH,20230411,36,10377,0,0,4746,12672,1082,444,1,329,98,62,334,0,1438,246,0,328,1096
FUELHH,20230411,37,11159,0,0,4751,12799,1054,475,1,405,48,198,124,58,1445,122,0,12,1096
FUELHH,20230411,38,11424,0,0,4753,12330,1234,461,1,343,20,356,108,10,1440,120,0,0,1096
FUELHH,20230411,39,11875,0,0,4750,12273,1030,434,42,522,0,376,0,0,1442,0,0,0,1096
FUELHH,20230411,40,11817,0,0,4751,12296,772,430,73,423,0,234,0,12,1461,0,0,0,1088
FUELHH,20230411,41,12053,0,0,4740,12412,1104,428,116,327,0,250,0,0,1451,0,0,0,1024
FUELHH,20230411,42,11962,0,0,4738,12204,620,407,111,247,0,154,0,0,1450,0,0,0,980
FUELHH,20230411,43,11169,0,0,4736,11959,794,390,70,320,0,232,0,0,1455,0,0,0,614
FUELHH,20230411,44,10462,0,0,4736,11805,462,375,27,146,0,156,0,0,1449,0,0,0,532
FUELHH,20230411,45,9848,0,0,4736,12171,104,375,1,139,0,238,0,60,1450,0,0,0,158
FUELHH,20230411,46,8748,0,0,4732,12286,60,373,2,110,0,134,0,10,1447,0,0,0,84
FUELHH,20230411,47,7655,0,0,4736,12312,304,338,2,103,0,134,0,60,1244,0,0,0,0
FUELHH,20230411,48,7079,0,0,4737,12511,16,309,1,69,0,284,0,16,1080,0,0,0,0
FUELHH,20230412,1,6543,0,0,4733,12547,0,309,1,125,0,394,0,118,1102,0,0,0,0
FUELHH,20230412,2,6489,0,0,4735,12652,0,308,2,89,0,400,0,242,1022,0,0,0,0
FUELHH,20230412,3,4936,0,0,4739,12613,0,308,1,80,0,362,0,248,933,0,0,0,0
FUELHH,20230412,4,5079,0,0,4743,12127,0,306,1,125,0,400,0,372,1158,0,0,0,0
FUELHH,20230412,5,4918,0,0,4752,12155,0,302,2,77,0,400,192,374,1176,162,0,0,0
FUELHH,20230412,6,4848,0,0,4743,12334,0,305,1,93,0,400,204,410,995,170,0,0,0
FUELHH,20230412,7,5716,0,0,4747,12148,0,303,1,96,0,400,134,410,1189,96,0,0,0
FUELHH,20230412,8,5830,0,0,4748,12158,0,297,1,87,0,358,132,410,1306,96,0,0,0
FUELHH,20230412,9,6121,0,0,4743,11972,0,280,1,134,0,400,0,384,1369,0,0,0,0
FUELHH,20230412,10,6392,0,0,4744,11672,0,271,1,94,0,400,0,270,1380,0,0,0,0
FUELHH,20230412,11,6417,0,0,4743,11214,0,261,1,135,0,338,0,174,1478,0,0,0,152
FUELHH,20230412,12,7219,0,0,4740,10748,0,261,19,239,0,192,0,162,1484,0,0,0,210
FUELHH,20230412,13,7914,0,0,4745,10423,0,335,70,347,0,44,330,24,1470,0,0,0,602
FUELHH,20230412,14,8866,0,0,4738,9960,166,350,69,519,0,0,380,62,1479,0,0,0,684
FUELHH,20230412,15,8674,0,0,4749,9720,0,363,70,410,164,0,74,0,1475,270,0,290,1058
FUELHH,20230412,16,9029,0,0,4738,10013,0,369,24,595,282,0,70,0,1478,278,0,328,1096
FUELHH,20230412,17,9332,0,0,4745,10134,0,377,1,325,392,0,264,0,1478,344,0,446,1096
FUELHH,20230412,18,9274,0,0,4743,10141,62,373,1,233,396,0,268,0,1459,344,0,454,1096
FUELHH,20230412,19,9469,0,0,4743,10405,172,384,69,252,0,0,116,0,1450,224,102,30,1096
FUELHH,20230412,20,8943,0,0,4746,10706,62,370,69,201,0,0,118,0,1461,224,108,6,1096
FUELHH,20230412,21,8602,0,0,4749,11184,98,370,35,116,0,0,378,0,1459,266,86,0,1096
FUELHH,20230412,22,7811,0,0,4766,11688,226,368,1,170,0,0,386,0,1465,270,100,0,1096
FUELHH,20230412,23,6643,0,0,4769,11501,350,318,1,152,360,0,526,0,1469,582,422,0,1096
FUELHH,20230412,24,6921,0,0,4760,11808,30,314,1,131,400,0,526,0,1474,594,444,0,1096
FUELHH,20230412,25,6307,0,0,4764,11637,234,314,1,134,642,0,526,0,1468,992,536,408,1096
FUELHH,20230412,26,6030,0,0,4765,11850,124,312,1,101,676,0,526,0,1462,998,542,454,1096
FUELHH,20230412,27,5384,0,0,4760,11572,126,303,1,94,1448,0,526,0,1462,934,560,894,1096
FUELHH,20230412,28,5283,0,0,4769,11888,0,301,1,86,1476,0,526,0,1461,934,562,916,1096
FUELHH,20230412,29,4500,0,0,4762,12483,0,307,1,86,1570,0,526,0,1452,980,976,896,1096
FUELHH,20230412,30,4431,0,0,4757,12313,0,301,1,98,1574,0,526,0,1468,980,998,896,1096
FUELHH,20230412,31,4359,0,0,4759,12459,240,300,0,106,1684,0,526,0,1373,932,998,656,1096
FUELHH,20230412,32,4364,0,0,4765,12723,206,306,0,80,1680,70,526,60,1441,928,988,640,1096
FUELHH,20230412,33,5055,0,0,4757,12575,388,400,1,226,1430,136,526,10,1352,666,800,598,1096
FUELHH,20230412,34,6100,0,0,4762,12476,536,421,1,175,1350,282,526,26,1348,662,776,582,1096
FUELHH,20230412,35,7842,0,0,4761,12547,1080,657,1,263,170,394,526,160,1408,550,434,252,1096
FUELHH,20230412,36,7989,0,0,4763,12335,1384,739,1,437,100,400,526,198,1466,548,418,238,1096
FUELHH,20230412,37,8133,0,0,4759,12450,1496,715,1,588,408,400,526,342,1447,234,474,174,1096
FUELHH,20230412,38,8654,0,0,4760,12274,1598,687,1,610,408,400,526,362,1443,228,478,178,1096
FUELHH,20230412,39,8553,0,0,4761,12265,1608,690,1,420,708,400,526,390,1447,430,526,342,1096
FUELHH,20230412,40,8872,0,0,4764,11593,1572,691,1,340,736,394,526,414,1457,434,526,354,1096
FUELHH,20230412,41,9015,0,0,4768,10887,1272,692,1,138,1170,294,526,264,1557,610,492,390,1096
FUELHH,20230412,42,8704,0,0,4768,10940,908,682,1,130,1180,302,526,118,1573,610,482,386,1096
FUELHH,20230412,43,8274,0,0,4760,11293,454,576,1,129,960,378,526,6,1762,396,286,252,1096
FUELHH,20230412,44,7352,0,0,4767,10817,332,481,1,111,950,282,524,0,1977,392,274,248,1096
FUELHH,20230412,45,6742,0,0,4763,10435,58,373,1,99,868,356,470,40,2066,208,188,286,1096
FUELHH,20230412,46,5755,0,0,4764,10277,0,334,1,96,866,264,470,0,2077,208,182,288,1096
FUELHH,20230412,47,4086,0,0,4768,10548,0,309,1,86,1146,196,398,0,1919,352,138,424,1096
FUELHH,20230412,48,3354,0,0,4769,10659,0,305,1,81,1156,58,398,4,1521,356,120,420,1096
FUELHH,20230413,1,2881,0,0,4770,10653,0,288,1,88,1162,0,526,0,1653,580,0,154,1096
FUELHH,20230413,2,2707,0,0,4765,10654,0,290,1,79,1128,0,524,0,1810,582,0,140,1096
FUELHH,20230413,3,3112,0,0,4764,10708,0,258,1,84,432,0,486,0,2053,614,0,120,1096
FUELHH,20230413,4,3285,0,0,4761,10479,0,255,1,158,406,0,486,0,2087,614,0,118,1096
FUELHH,20230413,5,3501,0,0,4769,10359,0,258,1,99,540,0,504,0,2074,816,0,126,1096
FUELHH,20230413,6,2882,0,0,4775,10421,0,256,1,128,564,0,506,0,2064,814,0,132,1058
FUELHH,20230413,7,2681,0,0,4775,10505,0,266,1,125,1134,0,486,0,1956,480,0,244,694
FUELHH,20230413,8,2630,0,0,4782,10924,0,265,1,93,1158,0,486,0,1835,474,0,250,658
FUELHH,20230413,9,2968,0,0,4784,11182,0,249,1,88,340,0,496,0,1891,374,0,0,1058
FUELHH,20230413,10,2752,0,0,4785,11334,0,245,1,84,234,0,496,0,1872,374,0,0,1096
FTR,586
